{
	"info": {
		"_postman_id": "07bea6bc-94d9-407d-bec9-4050a2565ceb",
		"name": "ViveroAbuelaAlbina",
		"schema": "https://schema.getpostman.com/json/collection/v2.1.0/collection.json",
		"_exporter_id": "29130177"
	},
	"item": [
		{
			"name": "traerClientes",
			"request": {
				"method": "GET",
				"header": [],
				"url": {
					"raw": "localhost:8080/cliente/traer",
					"host": [
						"localhost"
					],
					"port": "8080",
					"path": [
						"cliente",
						"traer"
					]
				}
			},
			"response": []
		},
		{
			"name": "guardarCliente",
			"request": {
				"method": "POST",
				"header": [],
				"body": {
					"mode": "raw",
					"raw": "{\r\n    \"nombre\":\"pepe\",\r\n    \"apellido\":\"argento\",\r\n    \"username\":\"pepe123\",\r\n    \"password\":\"pepe123\",\r\n     \"edad\":20\r\n}",
					"options": {
						"raw": {
							"language": "json"
						}
					}
				},
				"url": {
					"raw": "localhost:8080/cliente/guardar",
					"host": [
						"localhost"
					],
					"port": "8080",
					"path": [
						"cliente",
						"guardar"
					]
				}
			},
			"response": []
		},
		{
			"name": "borrarCliente",
			"request": {
				"method": "DELETE",
				"header": [],
				"url": {
					"raw": "localhost:8080/cliente/borrar/4",
					"host": [
						"localhost"
					],
					"port": "8080",
					"path": [
						"cliente",
						"borrar",
						"4"
					]
				}
			},
			"response": []
		},
		{
			"name": "ecnotrarClienteConId",
			"request": {
				"method": "GET",
				"header": [],
				"url": {
					"raw": "localhost:8080/cliente/encontrar/2",
					"host": [
						"localhost"
					],
					"port": "8080",
					"path": [
						"cliente",
						"encontrar",
						"2"
					]
				}
			},
			"response": []
		},
		{
			"name": "plantasInt/guardar",
			"request": {
				"method": "POST",
				"header": [],
				"body": {
					"mode": "raw",
					"raw": "{\r\n    \"nombre\":\"papinga\",\r\n    \"nombreC\":\"pupi\",\r\n    \"precio\":30,\r\n    \"altura\":\"0.5M\",\r\n    \"cantidad\":200\r\n\r\n}\r\n\r\n",
					"options": {
						"raw": {
							"language": "json"
						}
					}
				},
				"url": {
					"raw": "localhost:8080/plantasInt/guardar",
					"host": [
						"localhost"
					],
					"port": "8080",
					"path": [
						"plantasInt",
						"guardar"
					]
				}
			},
			"response": []
		},
		{
			"name": "plantasInt/traer",
			"request": {
				"method": "GET",
				"header": [],
				"url": {
					"raw": "localhost:8080/plantasInt/traer",
					"host": [
						"localhost"
					],
					"port": "8080",
					"path": [
						"plantasInt",
						"traer"
					]
				}
			},
			"response": []
		},
		{
			"name": "plantasInt/borrar11",
			"request": {
				"method": "DELETE",
				"header": [],
				"url": {
					"raw": "localhost:8080/plantasInt/borrar11",
					"host": [
						"localhost"
					],
					"port": "8080",
					"path": [
						"plantasInt",
						"borrar11"
					]
				}
			},
			"response": []
		},
		{
			"name": "plantasInt/encontrar/10",
			"request": {
				"method": "GET",
				"header": [],
				"url": {
					"raw": "localhost:8080/plantasInt/encontrar/10",
					"host": [
						"localhost"
					],
					"port": "8080",
					"path": [
						"plantasInt",
						"encontrar",
						"10"
					]
				}
			},
			"response": []
		},
		{
			"name": "plantasInt/editar",
			"request": {
				"method": "PUT",
				"header": [],
				"body": {
					"mode": "raw",
					"raw": "{\r\n    \"plantaint_id\": 10,\r\n    \"nombre\": \"Spatfilo\",\r\n    \"nombreC\": \"Spathiphyllun sp\",\r\n    \"precio\": 4800.0,\r\n    \"altura\": \"0.5M\",\r\n    \"cantidad\": 500\r\n}",
					"options": {
						"raw": {
							"language": "json"
						}
					}
				},
				"url": {
					"raw": "localhost:8080/plantasInt/editar",
					"host": [
						"localhost"
					],
					"port": "8080",
					"path": [
						"plantasInt",
						"editar"
					]
				}
			},
			"response": []
		},
		{
			"name": "plantasInt/editarCantidad/10?cantidad=15",
			"request": {
				"method": "PUT",
				"header": [],
				"url": {
					"raw": "localhost:8080/plantasInt/borrar",
					"host": [
						"localhost"
					],
					"port": "8080",
					"path": [
						"plantasInt",
						"borrar"
					]
				}
			},
			"response": []
		},
		{
			"name": "plantasInt/editarPrecio/10?precio=1000",
			"request": {
				"method": "PUT",
				"header": [],
				"url": {
					"raw": "localhost:8080/plantasInt/editarPrecio/10?precio=1000",
					"host": [
						"localhost"
					],
					"port": "8080",
					"path": [
						"plantasInt",
						"editarPrecio",
						"10"
					],
					"query": [
						{
							"key": "precio",
							"value": "1000"
						}
					]
				}
			},
			"response": []
		},
		{
			"name": "plantasExt/guardar",
			"request": {
				"method": "POST",
				"header": [],
				"body": {
					"mode": "raw",
					"raw": "{\r\n     \"nombre\":\"tacatunga\",\r\n     \"nombreC\":\"PEPEEPEPE\",\r\n     \"precio\":3200,\r\n     \"tamanio\":\"3L\",\r\n    \"cantidad\":30\r\n}",
					"options": {
						"raw": {
							"language": "json"
						}
					}
				},
				"url": {
					"raw": "localhost:8080/plantasExt/guardar",
					"host": [
						"localhost"
					],
					"port": "8080",
					"path": [
						"plantasExt",
						"guardar"
					]
				}
			},
			"response": []
		},
		{
			"name": "plantasExt/traer",
			"request": {
				"method": "GET",
				"header": [],
				"url": {
					"raw": "localhost:8080/plantasExt/traer",
					"host": [
						"localhost"
					],
					"port": "8080",
					"path": [
						"plantasExt",
						"traer"
					]
				}
			},
			"response": []
		},
		{
			"name": "plantasExt/borrar/16",
			"request": {
				"method": "DELETE",
				"header": [],
				"url": {
					"raw": "localhost:8080/plantasExt/borrar/16",
					"host": [
						"localhost"
					],
					"port": "8080",
					"path": [
						"plantasExt",
						"borrar",
						"16"
					]
				}
			},
			"response": []
		},
		{
			"name": "plantasExt/encontrar/15",
			"request": {
				"method": "GET",
				"header": [],
				"url": {
					"raw": "localhost:8080/plantasExt/encontrar/15",
					"host": [
						"localhost"
					],
					"port": "8080",
					"path": [
						"plantasExt",
						"encontrar",
						"15"
					]
				}
			},
			"response": []
		},
		{
			"name": "plantasExt/editar",
			"request": {
				"method": "PUT",
				"header": [],
				"body": {
					"mode": "raw",
					"raw": "{\r\n    \"plantaext_id\":15,\r\n     \"nombre\":\"boj\",\r\n     \"nombreC\":\"Buxus semprevirens\",\r\n     \"precio\":3200,\r\n     \"tamanio\":\"3L\",\r\n    \"cantidad\":50\r\n}",
					"options": {
						"raw": {
							"language": "json"
						}
					}
				},
				"url": {
					"raw": "localhost:8080/plantasExt/editar",
					"host": [
						"localhost"
					],
					"port": "8080",
					"path": [
						"plantasExt",
						"editar"
					]
				}
			},
			"response": []
		},
		{
			"name": "plantasExt/editarCantidad/15?cantidad=400",
			"request": {
				"method": "PUT",
				"header": [],
				"url": {
					"raw": "localhost:8080/plantasExt/editarCantidad/15?cantidad=400",
					"host": [
						"localhost"
					],
					"port": "8080",
					"path": [
						"plantasExt",
						"editarCantidad",
						"15"
					],
					"query": [
						{
							"key": "cantidad",
							"value": "400"
						}
					]
				}
			},
			"response": []
		},
		{
			"name": "plantasExt/editarPrecio/15?precio=200",
			"request": {
				"method": "GET",
				"header": [],
				"url": {
					"raw": "localhost:8080/plantasExt/editarPrecio/15?precio=200",
					"host": [
						"localhost"
					],
					"port": "8080",
					"path": [
						"plantasExt",
						"editarPrecio",
						"15"
					],
					"query": [
						{
							"key": "precio",
							"value": "200"
						}
					]
				}
			},
			"response": []
		},
		{
			"name": "citas/guardar",
			"request": {
				"method": "POST",
				"header": [],
				"body": {
					"mode": "raw",
					"raw": "{\r\n    \"dia\":\"viernes\",\r\n    \"fecha\":4,\r\n    \"mes\":\"nunca\",\r\n    \"horario\":\"nunca\"\r\n}",
					"options": {
						"raw": {
							"language": "json"
						}
					}
				},
				"url": {
					"raw": "localhost:8080/citas/guardar",
					"host": [
						"localhost"
					],
					"port": "8080",
					"path": [
						"citas",
						"guardar"
					]
				}
			},
			"response": []
		},
		{
			"name": "citas/traer",
			"request": {
				"method": "GET",
				"header": [],
				"url": {
					"raw": "localhost:8080/citas/traer",
					"host": [
						"localhost"
					],
					"port": "8080",
					"path": [
						"citas",
						"traer"
					]
				}
			},
			"response": []
		},
		{
			"name": "citas/borrar/24",
			"request": {
				"method": "DELETE",
				"header": [],
				"url": {
					"raw": "localhost:8080/citas/borrar/24",
					"host": [
						"localhost"
					],
					"port": "8080",
					"path": [
						"citas",
						"borrar",
						"24"
					]
				}
			},
			"response": []
		},
		{
			"name": "citas/encontrar/18",
			"request": {
				"method": "GET",
				"header": [],
				"url": {
					"raw": "localhost:8080/citas/encontrar/18",
					"host": [
						"localhost"
					],
					"port": "8080",
					"path": [
						"citas",
						"encontrar",
						"18"
					]
				}
			},
			"response": []
		},
		{
			"name": "citas/editar",
			"request": {
				"method": "PUT",
				"header": [],
				"body": {
					"mode": "raw",
					"raw": "{\r\n    \"cita_id\": 18,\r\n    \"dia\": \"jueves\",\r\n    \"fecha\": 1,\r\n    \"mes\": \"enero\",\r\n    \"horario\": \"18:30\"\r\n}",
					"options": {
						"raw": {
							"language": "json"
						}
					}
				},
				"url": {
					"raw": "localhost:8080/citas/editar",
					"host": [
						"localhost"
					],
					"port": "8080",
					"path": [
						"citas",
						"editar"
					]
				}
			},
			"response": []
		},
		{
			"name": "citas/editarHorario/18?horario=15:00",
			"request": {
				"method": "PUT",
				"header": [],
				"url": {
					"raw": "localhost:8080/citas/editarHorario/18?horario=15:00",
					"host": [
						"localhost"
					],
					"port": "8080",
					"path": [
						"citas",
						"editarHorario",
						"18"
					],
					"query": [
						{
							"key": "horario",
							"value": "15:00"
						}
					]
				}
			},
			"response": []
		},
		{
			"name": "citas/editarDia/18?dia=viernes",
			"request": {
				"method": "PUT",
				"header": [],
				"url": {
					"raw": "localhost:8080/citas/editarDia/18?dia=viernes",
					"host": [
						"localhost"
					],
					"port": "8080",
					"path": [
						"citas",
						"editarDia",
						"18"
					],
					"query": [
						{
							"key": "dia",
							"value": "viernes"
						}
					]
				}
			},
			"response": []
		},
		{
			"name": "citas/editarFecha/18?fecha=15",
			"request": {
				"method": "PUT",
				"header": [],
				"url": {
					"raw": "localhost:8080/citas/editarFecha/18?fecha=15",
					"host": [
						"localhost"
					],
					"port": "8080",
					"path": [
						"citas",
						"editarFecha",
						"18"
					],
					"query": [
						{
							"key": "fecha",
							"value": "15"
						}
					]
				}
			},
			"response": []
		},
		{
			"name": "citas/editarMes/18?mes=abril",
			"request": {
				"method": "PUT",
				"header": [],
				"url": {
					"raw": "localhost:8080/citas/editarMes/18?mes=abril",
					"host": [
						"localhost"
					],
					"port": "8080",
					"path": [
						"citas",
						"editarMes",
						"18"
					],
					"query": [
						{
							"key": "mes",
							"value": "abril"
						}
					]
				}
			},
			"response": []
		},
		{
			"name": "citas/reserva/1/18",
			"request": {
				"method": "POST",
				"header": [],
				"url": {
					"raw": "localhost:8080/citas/reserva/1/18",
					"host": [
						"localhost"
					],
					"port": "8080",
					"path": [
						"citas",
						"reserva",
						"1",
						"18"
					]
				}
			},
			"response": []
		},
		{
			"name": "cliente/login?username=carloswilliam&password=juanjuan",
			"request": {
				"method": "POST",
				"header": [],
				"url": {
					"raw": "localhost:8080/cliente/login?username=elizabeth&password=eli20879651",
					"host": [
						"localhost"
					],
					"port": "8080",
					"path": [
						"cliente",
						"login"
					],
					"query": [
						{
							"key": "username",
							"value": "elizabeth"
						},
						{
							"key": "password",
							"value": "eli20879651"
						}
					]
				}
			},
			"response": []
		}
	]
}